{
  "project_info": {
    "project_number": "454136206928",
    "project_id": "mycrs-7c0b1",
    "storage_bucket": "mycrs-7c0b1.appspot.com"
  },
  "client": [
    {
      "client_info": {
        "mobilesdk_app_id": "1:454136206928:android:10897cb821884821e16355",
        "android_client_info": {
          "package_name": "com.example.educationapp"
        }
      },
      "oauth_client": [
        {
          "client_id": "454136206928-2fsp95cj95nd6km6nj7l85aq1duhp8eb.apps.googleusercontent.com",
          "client_type": 3
        }
      ],
      "api_key": [
        {
          "current_key": "AIzaSyBB3CMr9z1zq5_y6iWKBol86w3NbPAgF5U"
        }
      ],
      "services": {
        "appinvite_service": {
          "other_platform_oauth_client": [
            {
              "client_id": "454136206928-2fsp95cj95nd6km6nj7l85aq1duhp8eb.apps.googleusercontent.com",
              "client_type": 3
            }
          ]
        }
      }
    }
  ],
  "configuration_version": "1"
}